-- phpMyAdmin SQL Dump
-- version 4.9.5deb2
-- https://www.phpmyadmin.net/
--
-- Host: localhost:3306
-- Generation Time: May 31, 2023 at 05:55 PM
-- Server version: 8.0.33-0ubuntu0.20.04.2
-- PHP Version: 7.4.3-4ubuntu2.18

SET SQL_MODE = "NO_AUTO_VALUE_ON_ZERO";
SET AUTOCOMMIT = 0;
START TRANSACTION;
SET time_zone = "+00:00";


/*!40101 SET @OLD_CHARACTER_SET_CLIENT=@@CHARACTER_SET_CLIENT */;
/*!40101 SET @OLD_CHARACTER_SET_RESULTS=@@CHARACTER_SET_RESULTS */;
/*!40101 SET @OLD_COLLATION_CONNECTION=@@COLLATION_CONNECTION */;
/*!40101 SET NAMES utf8mb4 */;

--
-- Database: `UserAuthentication`
--

-- --------------------------------------------------------

--
-- Table structure for table `category`
--

CREATE TABLE `category` (
  `id` int NOT NULL,
  `categoryName` varchar(255) CHARACTER SET utf8mb4 COLLATE utf8mb4_0900_ai_ci NOT NULL,
  `categoryDescription` varchar(150) NOT NULL,
  `status` enum('0','1','2') CHARACTER SET utf8mb4 COLLATE utf8mb4_0900_ai_ci NOT NULL DEFAULT '0'
) ENGINE=InnoDB DEFAULT CHARSET=utf8mb4 COLLATE=utf8mb4_0900_ai_ci;

--
-- Dumping data for table `category`
--

INSERT INTO `category` (`id`, `categoryName`, `categoryDescription`, `status`) VALUES
(1, 'Electronics', 'this is the dummy text ', '0'),
(2, 'Fashion', 'this is the dummy text ', '0'),
(3, 'Home & Kitchen', 'this is the dummy text ', '0');

-- --------------------------------------------------------

--
-- Table structure for table `messages`
--

CREATE TABLE `messages` (
  `id` int NOT NULL,
  `sender` varchar(255) CHARACTER SET utf8mb4 COLLATE utf8mb4_0900_ai_ci NOT NULL,
  `content` varchar(255) CHARACTER SET utf8mb4 COLLATE utf8mb4_0900_ai_ci NOT NULL,
  `timestamp` timestamp(6) NOT NULL DEFAULT CURRENT_TIMESTAMP(6)
) ENGINE=InnoDB DEFAULT CHARSET=utf8mb4 COLLATE=utf8mb4_0900_ai_ci;

--
-- Dumping data for table `messages`
--

INSERT INTO `messages` (`id`, `sender`, `content`, `timestamp`) VALUES
(1, 'test', 'test', '2023-05-25 04:45:05.499758'),
(2, 'testsd', 'tedtdf', '2023-05-25 04:48:45.498800'),
(3, 'test', 'test', '2023-05-25 04:48:57.002839'),
(4, 'dfdfdfdfdf', 'dfdfdfd', '2023-05-25 04:49:02.641061'),
(5, 'dfdf', 'dfdf', '2023-05-25 04:49:10.126715');

-- --------------------------------------------------------

--
-- Table structure for table `orders`
--

CREATE TABLE `orders` (
  `id` int NOT NULL,
  `user_id` int NOT NULL,
  `product_id` int NOT NULL,
  `productPrice` varchar(50) NOT NULL,
  `paymentStatus` varchar(80) NOT NULL,
  `quantity` int NOT NULL,
  `status` enum('0','1') NOT NULL DEFAULT '0',
  `ordered_date` timestamp(6) NOT NULL DEFAULT CURRENT_TIMESTAMP(6)
) ENGINE=InnoDB DEFAULT CHARSET=utf8mb4 COLLATE=utf8mb4_0900_ai_ci;

--
-- Dumping data for table `orders`
--

INSERT INTO `orders` (`id`, `user_id`, `product_id`, `productPrice`, `paymentStatus`, `quantity`, `status`, `ordered_date`) VALUES
(1, 3, 1, '49,490', 'done', 1, '0', '2023-05-19 05:37:13.787441'),
(2, 3, 1, '24,998', 'done', 1, '0', '2023-05-19 05:43:35.812895'),
(3, 3, 1, '5020', 'done', 1, '0', '2023-05-19 05:47:41.082359'),
(4, 3, 2, '9600', 'done', 1, '0', '2023-05-19 05:47:41.082359'),
(5, 3, 3, '4500', 'done', 1, '0', '2023-05-19 05:47:41.082359'),
(6, 3, 4, '25000', 'done', 1, '0', '2023-05-19 05:47:41.082359'),
(7, 1, 2, '5540', 'done', 1, '0', '2023-05-19 06:03:56.766020'),
(8, 1, 3, '5565', 'done', 1, '0', '2023-05-19 06:03:56.766020'),
(9, 1, 4, '33,990', 'done', 1, '0', '2023-05-19 06:03:56.766020'),
(10, 1, 1, '33,990', 'done', 1, '0', '2023-05-19 06:33:47.668711'),
(11, 1, 2, '49,490', 'done', 1, '0', '2023-05-19 06:33:47.668711'),
(12, 1, 3, '21,999', 'done', 1, '0', '2023-05-19 06:33:47.668711'),
(13, 1, 4, '24,998', 'done', 1, '0', '2023-05-19 06:33:47.668711'),
(14, 1, 2, '49,490', 'done', 1, '0', '2023-05-19 06:51:26.608486'),
(15, 1, 1, '33,990', 'done', 1, '0', '2023-05-19 11:33:38.339491'),
(16, 1, 2, '49,490', 'done', 1, '0', '2023-05-19 11:33:38.339491'),
(17, 1, 1, '33,990', 'done', 1, '0', '2023-05-19 11:34:45.285358'),
(18, 1, 2, '49,490', 'done', 1, '0', '2023-05-19 11:34:45.285358'),
(19, 1, 1, '33,990', 'done', 1, '0', '2023-05-19 11:35:49.167955'),
(20, 1, 2, '49,490', 'done', 1, '0', '2023-05-19 11:35:49.167955'),
(21, 1, 3, '21,999', 'done', 1, '0', '2023-05-19 11:35:49.167955'),
(22, 1, 4, '24,998', 'done', 1, '0', '2023-05-19 11:35:49.167955'),
(23, 1, 6, '1,430', 'done', 1, '0', '2023-05-19 11:35:49.167955'),
(24, 1, 1, '33,990', 'done', 1, '0', '2023-05-19 11:36:31.386152'),
(25, 1, 1, '33,990', 'done', 1, '0', '2023-05-19 11:43:39.426547'),
(26, 1, 1, '33,990', 'done', 1, '0', '2023-05-19 11:47:47.576074'),
(27, 1, 2, '49,490', 'done', 1, '0', '2023-05-19 11:47:47.576074'),
(28, 1, 3, '21,999', 'done', 1, '0', '2023-05-19 11:47:47.576074'),
(29, 1, 4, '24,998', 'done', 1, '0', '2023-05-19 11:47:47.576074'),
(30, 1, 5, '1,430', 'done', 1, '0', '2023-05-19 11:47:47.576074'),
(31, 1, 6, '1,430', 'done', 1, '0', '2023-05-19 11:47:47.576074'),
(32, 1, 7, '1500', 'done', 1, '0', '2023-05-19 11:47:47.576074'),
(33, 1, 8, '20000', 'done', 1, '0', '2023-05-19 11:47:47.576074'),
(34, 1, 1, '33,990', 'done', 1, '0', '2023-05-19 12:16:45.956452'),
(35, 1, 2, '49,490', 'done', 1, '0', '2023-05-19 12:16:45.956452'),
(36, 1, 3, '21,999', 'done', 1, '0', '2023-05-19 12:16:45.956452'),
(37, 1, 4, '24,998', 'done', 1, '0', '2023-05-19 12:16:45.956452'),
(38, 1, 8, '20000', 'done', 1, '0', '2023-05-19 12:16:45.956452'),
(39, 1, 6, '1,430', 'done', 1, '0', '2023-05-19 12:16:45.956452'),
(50, 1, 1, '33,990', 'done', 1, '0', '2023-05-19 12:36:19.187461'),
(51, 1, 6, '1,430', 'done', 1, '0', '2023-05-19 12:36:19.187461'),
(52, 1, 8, '20000', 'done', 1, '0', '2023-05-19 12:36:19.187461'),
(53, 1, 5, '1,430', 'done', 1, '0', '2023-05-19 12:36:19.187461'),
(54, 1, 2, '49,490', 'done', 1, '0', '2023-05-19 12:36:19.187461'),
(55, 1, 1, '33,990', 'done', 1, '0', '2023-05-19 12:37:19.936281'),
(56, 1, 2, '49,490', 'done', 1, '0', '2023-05-19 12:37:19.936281'),
(57, 1, 3, '21,999', 'done', 1, '0', '2023-05-19 12:37:19.936281'),
(58, 1, 5, '1,430', 'done', 1, '0', '2023-05-19 12:37:19.936281'),
(59, 1, 6, '1,430', 'done', 1, '0', '2023-05-19 12:37:19.936281'),
(64, 1, 2, '49,490', 'done', 1, '0', '2023-05-19 12:39:49.051372'),
(65, 1, 1, '33,990', 'done', 1, '0', '2023-05-19 12:39:49.051372'),
(66, 1, 5, '1,430', 'done', 1, '0', '2023-05-19 12:39:49.051372'),
(67, 1, 6, '1,430', 'done', 1, '0', '2023-05-19 12:39:49.051372'),
(68, 1, 1, '33,990', 'done', 1, '0', '2023-05-19 12:49:56.900870'),
(69, 1, 1, '33,990', 'done', 3, '0', '2023-05-19 13:01:55.808143'),
(70, 1, 2, '49,490', 'done', 4, '0', '2023-05-19 13:01:55.808143'),
(71, 1, 3, '21,999', 'done', 2, '0', '2023-05-19 13:01:55.808143'),
(72, 1, 4, '24,998', 'done', 3, '0', '2023-05-19 13:01:55.808143'),
(73, 3, 1, '33,990', 'done', 3, '0', '2023-05-23 05:53:26.512202'),
(74, 3, 2, '49,490', 'done', 3, '0', '2023-05-23 05:53:26.512202'),
(75, 3, 3, '21,999', 'done', 2, '0', '2023-05-23 05:53:26.512202'),
(76, 3, 4, '24,998', 'done', 5, '0', '2023-05-23 05:53:26.512202'),
(77, 3, 1, '33,990', 'done', 3, '0', '2023-05-23 06:04:45.220065'),
(78, 3, 2, '49,490', 'done', 2, '0', '2023-05-23 06:04:45.220065'),
(79, 3, 3, '21,999', 'done', 4, '0', '2023-05-23 06:04:45.220065'),
(80, 3, 4, '24,998', 'done', 3, '0', '2023-05-23 06:04:45.220065'),
(81, 3, 8, '20000', 'done', 4, '0', '2023-05-23 06:04:45.220065'),
(82, 3, 7, '1500', 'done', 3, '0', '2023-05-23 06:04:45.220065'),
(83, 3, 1, '33,990', 'done', 4, '0', '2023-05-23 06:14:38.250982'),
(84, 3, 2, '49,490', 'done', 3, '0', '2023-05-23 06:14:38.250982'),
(85, 3, 1, '33,990', 'done', 2, '0', '2023-05-23 06:16:46.403237'),
(86, 3, 2, '49,490', 'done', 4, '0', '2023-05-23 06:20:50.863908'),
(87, 3, 1, '33,990', 'done', 3, '0', '2023-05-23 06:25:44.257602'),
(88, 3, 2, '49,490', 'done', 4, '0', '2023-05-23 06:27:27.560994'),
(89, 3, 1, '33,990', 'done', 4, '0', '2023-05-23 06:33:24.023718'),
(90, 3, 2, '49,490', 'done', 3, '0', '2023-05-23 06:37:26.239318'),
(91, 3, 3, '21,999', 'done', 2, '0', '2023-05-23 06:40:47.066260'),
(92, 3, 3, '21,999', 'done', 2, '0', '2023-05-23 06:41:14.283472'),
(93, 3, 2, '49,490', 'done', 3, '0', '2023-05-23 06:44:07.170177'),
(94, 3, 1, '33,990', 'done', 3, '0', '2023-05-23 06:57:54.188162'),
(95, 3, 2, '49,490', 'done', 2, '0', '2023-05-23 07:31:54.581562'),
(96, 3, 2, '49,490', 'done', 1, '0', '2023-05-23 07:56:59.333533'),
(97, 3, 3, '21,999', 'done', 1, '0', '2023-05-23 07:56:59.333533'),
(98, 3, 2, '49,490', 'done', 1, '0', '2023-05-23 07:57:48.470704'),
(99, 3, 3, '21,999', 'done', 1, '0', '2023-05-23 07:57:48.470704'),
(100, 3, 1, '33,990', 'done', 4, '0', '2023-05-23 08:48:28.155144'),
(101, 3, 2, '49,490', 'done', 2, '0', '2023-05-23 08:48:28.155144'),
(102, 3, 6, '1,430', 'done', 3, '0', '2023-05-23 08:48:28.155144'),
(103, 3, 5, '1,430', 'done', 3, '0', '2023-05-23 08:48:28.155144'),
(104, 3, 2, '49,490', 'done', 3, '0', '2023-05-23 09:02:01.927668'),
(105, 3, 3, '21,999', 'done', 2, '0', '2023-05-23 09:02:01.927668'),
(106, 3, 1, '33,990', 'done', 2, '0', '2023-05-23 09:04:00.402372'),
(107, 3, 1, '33,990', 'done', 3, '0', '2023-05-23 09:06:34.920466'),
(108, 3, 2, '49,490', 'done', 2, '0', '2023-05-23 09:06:34.920466'),
(109, 3, 1, '33,990', 'done', 2, '0', '2023-05-23 09:12:35.684584'),
(110, 3, 2, '49,490', 'done', 3, '0', '2023-05-23 09:13:56.058227'),
(111, 3, 3, '21,999', 'done', 2, '0', '2023-05-23 09:13:56.058227'),
(112, 3, 4, '24,998', 'done', 2, '0', '2023-05-23 09:13:56.058227'),
(113, 3, 2, '49,490', 'done', 2, '0', '2023-05-23 09:16:18.142228'),
(114, 3, 4, '24,998', 'done', 2, '0', '2023-05-23 09:16:18.142228'),
(115, 3, 2, '49,490', 'done', 2, '0', '2023-05-23 09:17:43.941229'),
(116, 3, 3, '21,999', 'done', 3, '0', '2023-05-23 09:17:43.941229'),
(117, 3, 4, '24,998', 'done', 2, '0', '2023-05-23 09:17:43.941229'),
(118, 3, 1, '33,990', 'done', 2, '0', '2023-05-23 09:31:11.256204'),
(119, 3, 2, '49,490', 'done', 4, '0', '2023-05-23 09:31:11.256204'),
(120, 3, 3, '21,999', 'done', 3, '0', '2023-05-23 09:31:11.256204'),
(121, 3, 1, '33,990', 'done', 2, '0', '2023-05-23 09:32:24.545958'),
(122, 3, 2, '49,490', 'done', 3, '0', '2023-05-23 09:32:24.545958'),
(123, 3, 3, '21,999', 'done', 4, '0', '2023-05-23 09:32:24.545958'),
(124, 3, 2, '49,490', 'done', 3, '0', '2023-05-23 09:34:11.806196'),
(125, 3, 3, '21,999', 'done', 4, '0', '2023-05-23 09:34:11.806196'),
(126, 3, 4, '24,998', 'done', 2, '0', '2023-05-23 09:34:11.806196'),
(127, 3, 8, '20000', 'done', 3, '0', '2023-05-23 09:34:11.806196'),
(132, 3, 1, '33,990', 'done', 4, '0', '2023-05-23 09:35:55.299368'),
(133, 3, 2, '49,490', 'done', 3, '0', '2023-05-23 09:35:55.299368'),
(134, 3, 3, '21,999', 'done', 3, '0', '2023-05-23 09:35:55.299368'),
(135, 3, 4, '24,998', 'done', 4, '0', '2023-05-23 09:35:55.299368'),
(136, 3, 1, '33,990', 'done', 3, '0', '2023-05-23 09:38:18.021905'),
(137, 3, 2, '49,490', 'done', 2, '0', '2023-05-23 09:38:18.021905'),
(138, 3, 3, '21,999', 'done', 2, '0', '2023-05-23 09:38:18.021905'),
(139, 3, 4, '24,998', 'done', 3, '0', '2023-05-23 09:38:18.021905'),
(140, 3, 1, '33,990', 'done', 3, '0', '2023-05-23 09:41:45.516839'),
(141, 3, 2, '49,490', 'done', 2, '0', '2023-05-23 09:41:45.516839'),
(142, 3, 3, '21,999', 'done', 3, '0', '2023-05-23 09:41:45.516839'),
(143, 3, 4, '24,998', 'done', 4, '0', '2023-05-23 09:41:45.516839'),
(144, 3, 1, '33,990', 'done', 2, '0', '2023-05-23 09:43:27.590557'),
(145, 3, 2, '49,490', 'done', 3, '0', '2023-05-23 09:43:27.590557'),
(146, 3, 3, '21,999', 'done', 3, '0', '2023-05-23 09:43:27.590557'),
(147, 3, 4, '24,998', 'done', 5, '0', '2023-05-23 09:43:27.590557'),
(148, 3, 1, '33,990', 'done', 2, '0', '2023-05-23 09:48:48.564105'),
(149, 3, 2, '49,490', 'done', 4, '0', '2023-05-23 09:48:48.564105'),
(150, 3, 3, '21,999', 'done', 3, '0', '2023-05-23 09:48:48.564105'),
(151, 3, 4, '24,998', 'done', 3, '0', '2023-05-23 09:48:48.564105'),
(152, 3, 1, '33,990', 'done', 2, '0', '2023-05-23 09:50:35.256803'),
(153, 3, 2, '49,490', 'done', 4, '0', '2023-05-23 09:50:35.256803'),
(154, 3, 3, '21,999', 'done', 3, '0', '2023-05-23 09:50:35.256803'),
(155, 3, 4, '24,998', 'done', 3, '0', '2023-05-23 09:50:35.256803'),
(156, 3, 1, '33,990', 'done', 3, '0', '2023-05-23 09:52:49.260931'),
(157, 3, 2, '49,490', 'done', 3, '0', '2023-05-23 09:52:49.260931'),
(158, 3, 3, '21,999', 'done', 4, '0', '2023-05-23 09:52:49.260931'),
(159, 3, 4, '24,998', 'done', 5, '0', '2023-05-23 09:52:49.260931'),
(160, 3, 1, '33,990', 'done', 2, '0', '2023-05-23 09:54:36.359502'),
(161, 3, 2, '49,490', 'done', 3, '0', '2023-05-23 09:54:36.359502'),
(162, 3, 3, '21,999', 'done', 4, '0', '2023-05-23 09:54:36.359502'),
(163, 3, 4, '24,998', 'done', 3, '0', '2023-05-23 09:54:36.359502'),
(164, 3, 5, '1,430', 'done', 4, '0', '2023-05-23 10:09:57.986657'),
(165, 3, 6, '1,430', 'done', 3, '0', '2023-05-23 10:09:57.986657'),
(166, 3, 1, '33,990', 'done', 3, '0', '2023-05-23 10:09:57.986657'),
(167, 3, 2, '49,490', 'done', 2, '0', '2023-05-23 10:09:57.986657'),
(168, 3, 2, '49,490', 'done', 5, '0', '2023-05-23 10:12:51.144109'),
(169, 3, 1, '33,990', 'done', 2, '0', '2023-05-23 10:12:51.144109'),
(170, 3, 2, '49,490', 'done', 2, '0', '2023-05-23 10:22:17.845481'),
(171, 3, 6, '1,430', 'done', 4, '0', '2023-05-23 10:22:17.845481'),
(172, 3, 7, '1500', 'done', 4, '0', '2023-05-23 10:22:17.845481'),
(173, 3, 8, '20000', 'done', 4, '0', '2023-05-23 10:22:17.845481'),
(174, 3, 3, '21,999', 'done', 3, '0', '2023-05-23 10:25:25.966254'),
(175, 3, 2, '49,490', 'done', 2, '0', '2023-05-23 10:25:25.966254'),
(176, 3, 4, '24,998', 'done', 2, '0', '2023-05-23 10:25:25.966254'),
(177, 3, 1, '33,990', 'done', 5, '0', '2023-05-23 10:27:26.068031'),
(178, 3, 2, '49,490', 'done', 3, '0', '2023-05-23 10:27:26.068031'),
(179, 3, 3, '21,999', 'done', 3, '0', '2023-05-23 10:27:26.068031'),
(180, 3, 2, '49,490', 'done', 2, '0', '2023-05-23 10:30:05.569335'),
(181, 3, 3, '21,999', 'done', 3, '0', '2023-05-23 10:30:05.569335'),
(182, 3, 4, '24,998', 'done', 4, '0', '2023-05-23 10:30:05.569335'),
(183, 3, 2, '49,490', 'done', 3, '0', '2023-05-23 10:32:38.315317'),
(184, 3, 3, '21,999', 'done', 4, '0', '2023-05-23 10:32:38.315317'),
(185, 3, 4, '24,998', 'done', 2, '0', '2023-05-23 10:32:38.315317'),
(186, 3, 6, '1,430', 'done', 2, '0', '2023-05-23 10:33:52.528262'),
(187, 3, 2, '49,490', 'done', 3, '0', '2023-05-23 10:33:52.528262'),
(188, 3, 2, '49,490', 'done', 3, '0', '2023-05-23 10:34:45.993793'),
(189, 3, 1, '33,990', 'done', 2, '0', '2023-05-23 10:34:45.993793'),
(190, 3, 2, '49,490', 'done', 3, '0', '2023-05-23 10:37:31.749268'),
(191, 3, 1, '33,990', 'done', 2, '0', '2023-05-23 10:37:31.749268'),
(192, 3, 2, '49,490', 'done', 5, '0', '2023-05-23 10:39:59.846904'),
(193, 3, 3, '21,999', 'done', 3, '0', '2023-05-23 10:39:59.846904'),
(194, 3, 3, '21,999', 'done', 2, '0', '2023-05-24 07:17:26.461189'),
(195, 3, 4, '24,998', 'done', 3, '0', '2023-05-24 07:17:26.461189'),
(196, 3, 2, '58000', 'done', 1, '0', '2023-05-24 10:37:57.326196'),
(197, 3, 2, '58000', 'done', 1, '0', '2023-05-24 10:40:24.273842'),
(198, 3, 1, '60000.25', 'done', 1, '0', '2023-05-24 10:47:09.413621'),
(199, 3, 2, '58000', 'done', 1, '0', '2023-05-24 10:47:09.413621'),
(200, 3, 2, '58000', 'done', 1, '0', '2023-05-24 10:49:14.809433'),
(201, 3, 7, '60000', 'done', 1, '0', '2023-05-31 04:09:48.413114'),
(202, 3, 7, '60000', 'done', 1, '0', '2023-05-31 10:06:40.343338'),
(203, 3, 7, '60000', 'done', 1, '0', '2023-05-31 10:17:14.964644'),
(204, 3, 7, '60000', 'done', 1, '0', '2023-05-31 10:18:54.500721'),
(205, 3, 7, '60000', 'done', 1, '0', '2023-05-31 10:19:39.435612'),
(206, 3, 7, '60000', 'done', 1, '0', '2023-05-31 10:20:29.501413'),
(207, 3, 7, '60000', 'done', 1, '0', '2023-05-31 10:21:41.744209'),
(208, 3, 7, '60000', 'done', 1, '0', '2023-05-31 10:22:23.936853'),
(209, 3, 7, '60000', 'done', 1, '0', '2023-05-31 10:23:31.608622'),
(210, 3, 7, '60000', 'done', 1, '0', '2023-05-31 10:26:01.520668'),
(211, 3, 7, '60000', 'done', 1, '0', '2023-05-31 10:28:17.284361'),
(212, 3, 7, '60000', 'done', 1, '0', '2023-05-31 10:29:12.388803'),
(213, 3, 7, '60000', 'done', 1, '0', '2023-05-31 10:31:27.541988'),
(214, 3, 7, '60000', 'done', 1, '0', '2023-05-31 10:32:22.325285'),
(215, 1, 7, '60000', 'done', 1, '0', '2023-05-31 11:24:42.099531');

-- --------------------------------------------------------

--
-- Table structure for table `products`
--

CREATE TABLE `products` (
  `id` int NOT NULL,
  `productName` varchar(50) CHARACTER SET utf8mb4 COLLATE utf8mb4_0900_ai_ci NOT NULL,
  `productDescription` varchar(50) CHARACTER SET utf8mb4 COLLATE utf8mb4_0900_ai_ci NOT NULL,
  `category` int NOT NULL,
  `productPrice` double NOT NULL,
  `productStock` varchar(50) CHARACTER SET utf8mb4 COLLATE utf8mb4_0900_ai_ci NOT NULL,
  `image` varchar(255) CHARACTER SET utf8mb4 COLLATE utf8mb4_0900_ai_ci NOT NULL,
  `status` enum('0','1','2') CHARACTER SET utf8mb4 COLLATE utf8mb4_0900_ai_ci DEFAULT '0',
  `created_at` timestamp(6) NOT NULL DEFAULT CURRENT_TIMESTAMP(6),
  `upated_at` timestamp(6) NOT NULL DEFAULT CURRENT_TIMESTAMP(6)
) ENGINE=InnoDB DEFAULT CHARSET=utf8mb4 COLLATE=utf8mb4_0900_ai_ci;

--
-- Dumping data for table `products`
--

INSERT INTO `products` (`id`, `productName`, `productDescription`, `category`, `productPrice`, `productStock`, `image`, `status`, `created_at`, `upated_at`) VALUES
(1, 'Lenovo IdeaPad', 'Processor: 11th Gen Intel Core i3-1115G4 ', 1, 6000000, '50', 'image-1685014620065-925243920.webp', '1', '2023-05-16 11:25:10.214888', '2023-05-24 12:29:22.355500'),
(2, 'Dell Vostro 3420', 'Features- TÜV Rheinland certified', 1, 5800000, '50', 'image-1684387810738-941076145.jpg', '0', '2023-05-17 04:47:50.173561', '2023-05-24 12:30:02.758961'),
(3, 'OnePlus Nord CE', 'Camera: 108 MP Main Camera with EIS; 2MP', 1, 8000000, '50', 'image-1684321134112-454218425.webp', '0', '2023-05-17 04:47:50.173561', '2023-05-24 12:30:09.310239'),
(4, 'Oppo F23 5G', 'Memory, Storage & SIM: 8 GB RAM', 1, 2500000, '50', 'image-1684387830275-666623719.png', '0', '2023-05-17 04:47:50.173561', '2023-05-24 12:30:12.038615'),
(5, 'boAt Rockerz 450', 'Playback- It provides a massive battery backup', 0, 140000, '50', 'image-1684321156664-684779144.webp', '0', '2023-05-17 04:47:50.173561', '2023-05-24 12:37:07.836185'),
(6, 'boAt Rockerz 450', 'Playback- It provides a massive battery backup', 0, 3000000, '50', 'image-1684321248300-286197288.png', '0', '2023-05-17 04:47:50.173561', '2023-05-24 12:30:19.892821'),
(7, 'Fire Boult', 'Smart & Proffesional watch', 0, 60000, '60', 'image-1684321198979-711811311.webp', '0', '2023-05-17 10:59:58.983745', '2023-05-24 12:30:25.120819'),
(8, 'AirPods Pro', 'Active Noise Cancellation blocks outside noise', 0, 6000000, '20', 'image-1684321388289-265225194.jpg', '0', '2023-05-17 11:03:08.294021', '2023-05-24 12:30:28.813272'),
(9, 'Noise Pulse 2', 'Massive 1.85\" display', 0, 180000, '15', 'image-1685006124367-108670785.jpg', '0', '2023-05-25 09:15:24.372297', '2023-05-25 09:15:24.372297');

-- --------------------------------------------------------

--
-- Table structure for table `product_orders`
--

CREATE TABLE `product_orders` (
  `id` int NOT NULL,
  `user_id` int NOT NULL,
  `product_id` int NOT NULL,
  `paymentStatus` varchar(80) NOT NULL,
  `quantity` int NOT NULL DEFAULT '1',
  `delivery_status` enum('0','1') CHARACTER SET utf8mb4 COLLATE utf8mb4_0900_ai_ci NOT NULL DEFAULT '0',
  `ordered_date` timestamp(6) NOT NULL DEFAULT CURRENT_TIMESTAMP(6)
) ENGINE=InnoDB DEFAULT CHARSET=utf8mb4 COLLATE=utf8mb4_0900_ai_ci;

--
-- Dumping data for table `product_orders`
--

INSERT INTO `product_orders` (`id`, `user_id`, `product_id`, `paymentStatus`, `quantity`, `delivery_status`, `ordered_date`) VALUES
(1, 3, 1, 'done', 1, '0', '2023-05-19 05:37:13.787441'),
(2, 3, 1, 'done', 1, '0', '2023-05-19 05:43:35.812895'),
(3, 3, 1, 'done', 1, '0', '2023-05-19 05:47:41.082359'),
(4, 3, 2, 'done', 1, '0', '2023-05-19 05:47:41.082359'),
(5, 3, 3, 'done', 1, '0', '2023-05-19 05:47:41.082359'),
(6, 3, 4, 'done', 1, '0', '2023-05-19 05:47:41.082359'),
(7, 1, 2, 'done', 1, '0', '2023-05-19 06:03:56.766020'),
(8, 1, 3, 'done', 1, '0', '2023-05-19 06:03:56.766020'),
(9, 1, 4, 'done', 1, '0', '2023-05-19 06:03:56.766020'),
(10, 1, 1, 'done', 1, '0', '2023-05-19 06:33:47.668711'),
(11, 1, 2, 'done', 1, '0', '2023-05-19 06:33:47.668711'),
(12, 1, 3, 'done', 1, '0', '2023-05-19 06:33:47.668711'),
(13, 1, 4, 'done', 1, '0', '2023-05-19 06:33:47.668711'),
(14, 1, 2, 'done', 1, '0', '2023-05-19 06:51:26.608486'),
(15, 1, 1, 'done', 1, '0', '2023-05-19 11:33:38.339491'),
(16, 1, 2, 'done', 1, '0', '2023-05-19 11:33:38.339491'),
(17, 1, 1, 'done', 1, '0', '2023-05-19 11:34:45.285358'),
(18, 1, 2, 'done', 1, '0', '2023-05-19 11:34:45.285358'),
(19, 1, 1, 'done', 1, '0', '2023-05-19 11:35:49.167955'),
(20, 1, 2, 'done', 1, '0', '2023-05-19 11:35:49.167955'),
(21, 1, 3, 'done', 1, '0', '2023-05-19 11:35:49.167955'),
(22, 1, 4, 'done', 1, '0', '2023-05-19 11:35:49.167955'),
(23, 1, 6, 'done', 1, '0', '2023-05-19 11:35:49.167955'),
(24, 1, 1, 'done', 1, '0', '2023-05-19 11:36:31.386152'),
(25, 1, 1, 'done', 1, '0', '2023-05-19 11:43:39.426547'),
(26, 1, 1, 'done', 1, '0', '2023-05-19 11:47:47.576074'),
(27, 1, 2, 'done', 1, '0', '2023-05-19 11:47:47.576074'),
(28, 1, 3, 'done', 1, '0', '2023-05-19 11:47:47.576074'),
(29, 1, 4, 'done', 1, '0', '2023-05-19 11:47:47.576074'),
(30, 1, 5, 'done', 1, '0', '2023-05-19 11:47:47.576074'),
(31, 1, 6, 'done', 1, '0', '2023-05-19 11:47:47.576074'),
(32, 1, 7, 'done', 1, '0', '2023-05-19 11:47:47.576074'),
(33, 1, 8, 'done', 1, '0', '2023-05-19 11:47:47.576074'),
(34, 1, 1, 'done', 1, '0', '2023-05-19 12:16:45.956452'),
(35, 1, 2, 'done', 1, '0', '2023-05-19 12:16:45.956452'),
(36, 1, 3, 'done', 1, '0', '2023-05-19 12:16:45.956452'),
(37, 1, 4, 'done', 1, '0', '2023-05-19 12:16:45.956452'),
(38, 1, 8, 'done', 1, '0', '2023-05-19 12:16:45.956452'),
(39, 1, 6, 'done', 1, '0', '2023-05-19 12:16:45.956452'),
(50, 1, 1, 'done', 1, '0', '2023-05-19 12:36:19.187461'),
(51, 1, 6, 'done', 1, '0', '2023-05-19 12:36:19.187461'),
(52, 1, 8, 'done', 1, '0', '2023-05-19 12:36:19.187461'),
(53, 1, 5, 'done', 1, '0', '2023-05-19 12:36:19.187461'),
(54, 1, 2, 'done', 1, '0', '2023-05-19 12:36:19.187461'),
(55, 1, 1, 'done', 1, '0', '2023-05-19 12:37:19.936281'),
(56, 1, 2, 'done', 1, '0', '2023-05-19 12:37:19.936281'),
(57, 1, 3, 'done', 1, '0', '2023-05-19 12:37:19.936281'),
(58, 1, 5, 'done', 1, '0', '2023-05-19 12:37:19.936281'),
(59, 1, 6, 'done', 1, '0', '2023-05-19 12:37:19.936281'),
(64, 1, 2, 'done', 1, '0', '2023-05-19 12:39:49.051372'),
(65, 1, 1, 'done', 1, '0', '2023-05-19 12:39:49.051372'),
(66, 1, 5, 'done', 1, '0', '2023-05-19 12:39:49.051372'),
(67, 1, 6, 'done', 1, '0', '2023-05-19 12:39:49.051372'),
(68, 1, 1, 'done', 1, '0', '2023-05-19 12:49:56.900870'),
(69, 1, 1, 'done', 3, '0', '2023-05-19 13:01:55.808143'),
(70, 1, 2, 'done', 4, '0', '2023-05-19 13:01:55.808143'),
(71, 1, 3, 'done', 2, '0', '2023-05-19 13:01:55.808143'),
(72, 1, 4, 'done', 3, '0', '2023-05-19 13:01:55.808143'),
(73, 3, 1, 'done', 3, '0', '2023-05-23 05:53:26.512202'),
(74, 3, 2, 'done', 3, '0', '2023-05-23 05:53:26.512202'),
(75, 3, 3, 'done', 2, '0', '2023-05-23 05:53:26.512202'),
(76, 3, 4, 'done', 5, '0', '2023-05-23 05:53:26.512202'),
(77, 3, 1, 'done', 3, '0', '2023-05-23 06:04:45.220065'),
(78, 3, 2, 'done', 2, '0', '2023-05-23 06:04:45.220065'),
(79, 3, 3, 'done', 4, '0', '2023-05-23 06:04:45.220065'),
(80, 3, 4, 'done', 3, '0', '2023-05-23 06:04:45.220065'),
(81, 3, 8, 'done', 4, '0', '2023-05-23 06:04:45.220065'),
(82, 3, 7, 'done', 3, '0', '2023-05-23 06:04:45.220065'),
(83, 3, 1, 'done', 4, '0', '2023-05-23 06:14:38.250982'),
(84, 3, 2, 'done', 3, '0', '2023-05-23 06:14:38.250982'),
(85, 3, 1, 'done', 2, '0', '2023-05-23 06:16:46.403237'),
(86, 3, 2, 'done', 4, '0', '2023-05-23 06:20:50.863908'),
(87, 3, 1, 'done', 3, '0', '2023-05-23 06:25:44.257602'),
(88, 3, 2, 'done', 4, '0', '2023-05-23 06:27:27.560994'),
(89, 3, 1, 'done', 4, '0', '2023-05-23 06:33:24.023718'),
(90, 3, 2, 'done', 3, '0', '2023-05-23 06:37:26.239318'),
(91, 3, 3, 'done', 2, '0', '2023-05-23 06:40:47.066260'),
(92, 3, 3, 'done', 2, '0', '2023-05-23 06:41:14.283472'),
(93, 3, 2, 'done', 3, '0', '2023-05-23 06:44:07.170177'),
(94, 3, 1, 'done', 3, '0', '2023-05-23 06:57:54.188162'),
(95, 3, 2, 'done', 2, '0', '2023-05-23 07:31:54.581562'),
(96, 3, 2, 'done', 1, '0', '2023-05-23 07:56:59.333533'),
(97, 3, 3, 'done', 1, '0', '2023-05-23 07:56:59.333533'),
(98, 3, 2, 'done', 1, '0', '2023-05-23 07:57:48.470704'),
(99, 3, 3, 'done', 1, '0', '2023-05-23 07:57:48.470704'),
(100, 3, 1, 'done', 4, '0', '2023-05-23 08:48:28.155144'),
(101, 3, 2, 'done', 2, '0', '2023-05-23 08:48:28.155144'),
(102, 3, 6, 'done', 3, '0', '2023-05-23 08:48:28.155144'),
(103, 3, 5, 'done', 3, '0', '2023-05-23 08:48:28.155144'),
(104, 3, 2, 'done', 3, '0', '2023-05-23 09:02:01.927668'),
(105, 3, 3, 'done', 2, '0', '2023-05-23 09:02:01.927668'),
(106, 3, 1, 'done', 2, '0', '2023-05-23 09:04:00.402372'),
(107, 3, 1, 'done', 3, '0', '2023-05-23 09:06:34.920466'),
(108, 3, 2, 'done', 2, '0', '2023-05-23 09:06:34.920466'),
(109, 3, 1, 'done', 2, '0', '2023-05-23 09:12:35.684584'),
(110, 3, 2, 'done', 3, '0', '2023-05-23 09:13:56.058227'),
(111, 3, 3, 'done', 2, '0', '2023-05-23 09:13:56.058227'),
(112, 3, 4, 'done', 2, '0', '2023-05-23 09:13:56.058227'),
(113, 3, 2, 'done', 2, '0', '2023-05-23 09:16:18.142228'),
(114, 3, 4, 'done', 2, '0', '2023-05-23 09:16:18.142228'),
(115, 3, 2, 'done', 2, '0', '2023-05-23 09:17:43.941229'),
(116, 3, 3, 'done', 3, '0', '2023-05-23 09:17:43.941229'),
(117, 3, 4, 'done', 2, '0', '2023-05-23 09:17:43.941229'),
(118, 3, 1, 'done', 2, '0', '2023-05-23 09:31:11.256204'),
(119, 3, 2, 'done', 4, '0', '2023-05-23 09:31:11.256204'),
(120, 3, 3, 'done', 3, '0', '2023-05-23 09:31:11.256204'),
(121, 3, 1, 'done', 2, '0', '2023-05-23 09:32:24.545958'),
(122, 3, 2, 'done', 3, '0', '2023-05-23 09:32:24.545958'),
(123, 3, 3, 'done', 4, '0', '2023-05-23 09:32:24.545958'),
(124, 3, 2, 'done', 3, '0', '2023-05-23 09:34:11.806196'),
(125, 3, 3, 'done', 4, '0', '2023-05-23 09:34:11.806196'),
(126, 3, 4, 'done', 2, '0', '2023-05-23 09:34:11.806196'),
(127, 3, 8, 'done', 3, '0', '2023-05-23 09:34:11.806196'),
(132, 3, 1, 'done', 4, '0', '2023-05-23 09:35:55.299368'),
(133, 3, 2, 'done', 3, '0', '2023-05-23 09:35:55.299368'),
(134, 3, 3, 'done', 3, '0', '2023-05-23 09:35:55.299368'),
(135, 3, 4, 'done', 4, '0', '2023-05-23 09:35:55.299368'),
(136, 3, 1, 'done', 3, '0', '2023-05-23 09:38:18.021905'),
(137, 3, 2, 'done', 2, '0', '2023-05-23 09:38:18.021905'),
(138, 3, 3, 'done', 2, '0', '2023-05-23 09:38:18.021905'),
(139, 3, 4, 'done', 3, '0', '2023-05-23 09:38:18.021905'),
(140, 3, 1, 'done', 3, '0', '2023-05-23 09:41:45.516839'),
(141, 3, 2, 'done', 2, '0', '2023-05-23 09:41:45.516839'),
(142, 3, 3, 'done', 3, '0', '2023-05-23 09:41:45.516839'),
(143, 3, 4, 'done', 4, '0', '2023-05-23 09:41:45.516839'),
(144, 3, 1, 'done', 2, '0', '2023-05-23 09:43:27.590557'),
(145, 3, 2, 'done', 3, '0', '2023-05-23 09:43:27.590557'),
(146, 3, 3, 'done', 3, '0', '2023-05-23 09:43:27.590557'),
(147, 3, 4, 'done', 5, '0', '2023-05-23 09:43:27.590557'),
(148, 3, 1, 'done', 2, '0', '2023-05-23 09:48:48.564105'),
(149, 3, 2, 'done', 4, '0', '2023-05-23 09:48:48.564105'),
(150, 3, 3, 'done', 3, '0', '2023-05-23 09:48:48.564105'),
(151, 3, 4, 'done', 3, '0', '2023-05-23 09:48:48.564105'),
(152, 3, 1, 'done', 2, '0', '2023-05-23 09:50:35.256803'),
(153, 3, 2, 'done', 4, '0', '2023-05-23 09:50:35.256803'),
(154, 3, 3, 'done', 3, '0', '2023-05-23 09:50:35.256803'),
(155, 3, 4, 'done', 3, '0', '2023-05-23 09:50:35.256803'),
(156, 3, 1, 'done', 3, '0', '2023-05-23 09:52:49.260931'),
(157, 3, 2, 'done', 3, '0', '2023-05-23 09:52:49.260931'),
(158, 3, 3, 'done', 4, '0', '2023-05-23 09:52:49.260931'),
(159, 3, 4, 'done', 5, '0', '2023-05-23 09:52:49.260931'),
(160, 3, 1, 'done', 2, '0', '2023-05-23 09:54:36.359502'),
(161, 3, 2, 'done', 3, '0', '2023-05-23 09:54:36.359502'),
(162, 3, 3, 'done', 4, '0', '2023-05-23 09:54:36.359502'),
(163, 3, 4, 'done', 3, '0', '2023-05-23 09:54:36.359502'),
(164, 3, 5, 'done', 4, '0', '2023-05-23 10:09:57.986657'),
(165, 3, 6, 'done', 3, '0', '2023-05-23 10:09:57.986657'),
(166, 3, 1, 'done', 3, '0', '2023-05-23 10:09:57.986657'),
(167, 3, 2, 'done', 2, '0', '2023-05-23 10:09:57.986657'),
(168, 3, 2, 'done', 5, '0', '2023-05-23 10:12:51.144109'),
(169, 3, 1, 'done', 2, '0', '2023-05-23 10:12:51.144109'),
(170, 3, 2, 'done', 2, '0', '2023-05-23 10:22:17.845481'),
(171, 3, 6, 'done', 4, '0', '2023-05-23 10:22:17.845481'),
(172, 3, 7, 'done', 4, '0', '2023-05-23 10:22:17.845481'),
(173, 3, 8, 'done', 4, '0', '2023-05-23 10:22:17.845481'),
(174, 3, 3, 'done', 3, '0', '2023-05-23 10:25:25.966254'),
(175, 3, 2, 'done', 2, '0', '2023-05-23 10:25:25.966254'),
(176, 3, 4, 'done', 2, '0', '2023-05-23 10:25:25.966254'),
(177, 3, 1, 'done', 5, '0', '2023-05-23 10:27:26.068031'),
(178, 3, 2, 'done', 3, '0', '2023-05-23 10:27:26.068031'),
(179, 3, 3, 'done', 3, '0', '2023-05-23 10:27:26.068031'),
(180, 3, 2, 'done', 2, '0', '2023-05-23 10:30:05.569335'),
(181, 3, 3, 'done', 3, '0', '2023-05-23 10:30:05.569335'),
(182, 3, 4, 'done', 4, '0', '2023-05-23 10:30:05.569335'),
(183, 3, 2, 'done', 3, '0', '2023-05-23 10:32:38.315317'),
(184, 3, 3, 'done', 4, '0', '2023-05-23 10:32:38.315317'),
(185, 3, 4, 'done', 2, '0', '2023-05-23 10:32:38.315317'),
(186, 3, 6, 'done', 2, '0', '2023-05-23 10:33:52.528262'),
(187, 3, 2, 'done', 3, '0', '2023-05-23 10:33:52.528262'),
(188, 3, 2, 'done', 3, '0', '2023-05-23 10:34:45.993793'),
(189, 3, 1, 'done', 2, '0', '2023-05-23 10:34:45.993793'),
(190, 3, 2, 'done', 3, '0', '2023-05-23 10:37:31.749268'),
(191, 3, 1, 'done', 2, '0', '2023-05-23 10:37:31.749268'),
(192, 3, 2, 'done', 5, '0', '2023-05-23 10:39:59.846904'),
(193, 3, 3, 'done', 3, '0', '2023-05-23 10:39:59.846904'),
(194, 3, 3, 'done', 2, '0', '2023-05-24 07:17:26.461189'),
(195, 3, 4, 'done', 3, '0', '2023-05-24 07:17:26.461189');

-- --------------------------------------------------------

--
-- Table structure for table `users`
--

CREATE TABLE `users` (
  `id` int NOT NULL,
  `firstName` varchar(50) NOT NULL,
  `lastName` varchar(50) NOT NULL,
  `email` varchar(150) NOT NULL,
  `phoneNumber` varchar(20) NOT NULL,
  `password` varchar(255) NOT NULL,
  `resetToken` varchar(255) DEFAULT NULL,
  `resetTokenExpiresAt` varchar(255) DEFAULT NULL,
  `otp` varchar(255) DEFAULT NULL,
  `status` enum('0','1','2') CHARACTER SET utf8mb4 COLLATE utf8mb4_0900_ai_ci DEFAULT '0',
  `dob` varchar(255) NOT NULL,
  `gender` varchar(50) NOT NULL,
  `department` varchar(255) NOT NULL,
  `image` varchar(255) NOT NULL
) ENGINE=InnoDB DEFAULT CHARSET=utf8mb4 COLLATE=utf8mb4_0900_ai_ci;

--
-- Dumping data for table `users`
--

INSERT INTO `users` (`id`, `firstName`, `lastName`, `email`, `phoneNumber`, `password`, `resetToken`, `resetTokenExpiresAt`, `otp`, `status`, `dob`, `gender`, `department`, `image`) VALUES
(1, 'Admin', 'Admin', 'admin@gmail.com', '7894561230', '123456', NULL, NULL, NULL, '1', '1986-12-18', '', '', 'image-1683703103180-407709338.jpeg'),
(3, 'Abishek', 'Kumar', 'kabishek@teqmavens.com', '7894561230', '654321', NULL, NULL, '712055', '2', '1986-12-18', '', '', 'image-1683703103180-407709338.jpeg'),
(4, 'Deepu', 'Gour', 'deepu@gmail.com', '7894561230', '123456', NULL, NULL, NULL, '2', '1986-12-18', '', '', 'image-1683703103180-407709338.jpeg'),
(5, 'Deepankar', 'Rao', 'deepankar@gmail.com', '7894561230', '123456', NULL, NULL, NULL, '2', '1986-12-18', '', '', 'image-1683703103180-407709338.jpeg'),
(6, 'Harsh', 'Kumar', 'harsh@gmail.com', '7894561230', '123456', NULL, NULL, NULL, '2', '1986-12-18', '', '', 'image-1683703103180-407709338.jpeg'),
(7, 'Kunal', 'Verma', 'kunal@gmail.com', '7894561230', '123456', NULL, NULL, NULL, '2', '1986-12-18', '', '', ''),
(8, 'Chandresh', 'Kumar', 'chandresh@gmail.com', '7894561230', '123456', NULL, NULL, NULL, '2', '1986-12-18', '', '', 'image-1683703103180-407709338.jpeg'),
(9, 'Ajay', 'singh', 'ajay@gmail.com', '7894561230', '123456', NULL, NULL, NULL, '2', '1986-12-18', '', '', 'image-1683703103180-407709338.jpeg'),
(11, 'Sanjay', 'singh', 'sanjay@gmail.com', '7894561230', '123456', NULL, NULL, NULL, '2', '1986-12-18', '', '', 'image-1683703103180-407709338.jpeg'),
(13, 'TEst', 'TEst', 'TEst', '1234467890', '123456', NULL, NULL, NULL, '2', '1986-12-18', '', '', 'image-1683703103180-407709338.jpeg'),
(14, 'hjjArun', 'Verma', 'arun@gmail.com', '7894561230', '123456', NULL, NULL, NULL, '2', '1986-12-18', '', '', 'image-1683703103180-407709338.jpeg'),
(15, 'Abishek', 'Kumar', 'test3@gmail.com', '7894561230', '123456', NULL, NULL, NULL, '2', '1986-12-18', '', '', 'image-1683703103180-407709338.jpeg'),
(16, 'Abishek', 'Kumar', 'nexa@gmail.com', '7894561230', '123456', NULL, NULL, NULL, '2', '1986-12-18', '', '', 'image-1683703103180-407709338.jpeg'),
(17, 'testk', 'test', 'test2@gmail.com', '7894561230', '123456', NULL, NULL, NULL, '2', '1986-12-18', '', '', 'image-1683703103180-407709338.jpeg'),
(36, 'Kunal', 'Kumar', 'kunal1@gmail.com', '7894561230', '123456', NULL, NULL, NULL, '2', '1986-12-18', '', '', 'image-1683703103180-407709338.jpeg'),
(37, 'surajggg', 'kumar', 'suraj@gmail.com', '7894561230', '123456', NULL, NULL, NULL, '2', '1986-12-18', '', '', 'image-1683703103180-407709338.jpeg'),
(38, 'suraj', 'kumar', 'suraj1@gmail.com', '7894561230', '123456', NULL, NULL, NULL, '2', '1986-12-18', '', '', 'image-1683705188541-194681187.jpg'),
(39, 'Gurmeet', 'Singh', 'gurmeet@gmail.com', '7894561230', '123456', NULL, NULL, NULL, '2', '2008-11-16', '', '', 'image-1683705188541-194681187.jpg'),
(40, 'sachin', 'singh', 'sachin1@gmail.com', '7894561230', '123456', NULL, NULL, NULL, '2', '1999-12-16', '', '', ''),
(41, 'Abishek', 'Kumar', 'ss@gmail.com', '7894561230', '123456', NULL, NULL, NULL, '2', '2023-05-17', '', '', ''),
(42, 'gourav', 'singh', 'gourav@gmail.com', '7894561230', '123456', NULL, NULL, NULL, '2', '16-11-1999', 'male', 'Hr', ''),
(43, 'Mukesh', 'kumar', 'mukesh@gmail.com', '7894561230', '123456', NULL, NULL, NULL, '2', '2023-05-10', '', 'Software Engineering', ''),
(44, 'test', 'test', 'test44@gmail.com', '7894561230', '123456', NULL, NULL, NULL, '2', '2023-05-10', '', 'Software Engineering', ''),
(45, 'test', 'test', 'test555f53@gmail.com', '7894561230', '123456', NULL, NULL, NULL, '2', '2023-05-10', 'Male', 'Software Engineering', ''),
(46, 'sanju', 'sanju', 'sanju@gmail.com', '7894561230', '123456', NULL, NULL, NULL, '2', '2005-11-16', 'Male', 'Software Engineering', 'image-1683705188541-194681187.jpg\r\n\r\n'),
(47, 'deepak', 'verma', 'deepak@gmail.com', '7894561230', '123456', NULL, NULL, NULL, '0', '2023-05-10', 'Male', 'Software Engineering', 'image-1683703103180-407709338.jpeg'),
(48, 'test', 'test', 'test20@gmail.com', '7894561230', '123456', NULL, NULL, NULL, '2', '2023-05-10', 'Male', 'Software Engineering', 'image-1683705188541-194681187.jpg\r\n\r\n'),
(49, 'test', 'test', 'test09@gmail.com', '7894561230', '123456', NULL, NULL, NULL, '2', '2023-05-10', 'Male', 'Technical Support', 'image-1683705188541-194681187.jpg\r\n\r\n'),
(51, 'tet', 'test', 'test91@gmail.com', '7894561230', '123456', NULL, NULL, NULL, '2', '2023-05-10', 'Male', 'Technical Support', 'image-1683705188541-194681187.jpg\r\n\r\n'),
(52, 'test', 'test', 'test212@gmail.com', '7894561230', '123456', NULL, NULL, NULL, '0', '2023-05-10', 'Male', 'Hr Department', 'image-1683705188541-194681187.jpg\r\n\r\n'),
(53, 'tets', 'test', 'test34@gmail.com', '7894561230', '123456', NULL, NULL, NULL, '2', '2023-05-10', 'Male', 'Technical Support', 'image-1683705188541-194681187.jpg\r\n\r\n'),
(54, 'test', 'tets', 'test243@gmail.com', '7894561230', '123456', NULL, NULL, NULL, '2', '2023-05-10', 'Male', 'Technical Support', 'image-1683705188541-194681187.jpg\r\n\r\n'),
(55, 'tedst', 'tets', 'test2@gmgggail.com', '7894561230', '123456', NULL, NULL, NULL, '2', '2023-05-10', 'Male', 'Software Engineering', 'image-1683703103180-407709338.jpeg\r\n\r\n\r\n'),
(57, 'test', 'test', 'test145@gmail.com', '7894561230', '123456', NULL, NULL, NULL, '0', '2023-05-10', '', 'test', 'image-1683703103180-407709338.jpeg'),
(58, 'sanju', 'sanju', 'sam4@gmailc.om', '7894561230', '123456', NULL, NULL, NULL, '0', '2023-05-10', 'Male', 'Software Engineering', 'image-1683703103180-407709338.jpeg'),
(59, 'tedst', 'test', 'tdt@gmail.com', '7894561230', '123456', NULL, NULL, NULL, '0', '2005-11-16', 'Male', 'Digital Marketing', 'image-1683704171716-613526602.png'),
(60, 'tet', 'test', 'kabisbbhek@teqmavens.com', '7894561230', 'testt', NULL, NULL, NULL, '0', '2023-05-10', 'Male', 'Technical Support', 'image-1683705188541-194681187.jpg'),
(61, 'anuj', 'sharma', 'anju@gmail.com', '7894561230', '123456', NULL, NULL, NULL, '0', '2023-05-10', 'Male', 'Software Engineering', 'image-1683705188541-194681187.jpg\r\n'),
(62, 'Abishek', 'Kumar', 'test091@gmail.com', '7894561230', '123456', NULL, NULL, NULL, '0', '2023-05-10', 'Male', 'Technical Support', 'image-1683703103180-407709338.jpeg'),
(63, 'noise', 'watch', 'noise@gmail.com', '7894561230', '123456', NULL, NULL, NULL, '0', '2004-11-16', 'Male', 'Software Engineering', 'image-1683718616406-348272983.jpeg'),
(64, 'tet', 'tet', 'nextta@gmail.com', '7894561230', '123456', NULL, NULL, NULL, '0', '2023-05-11', 'Male', 'Software Engineering', 'image-1683780798183-391188758.png'),
(65, 'Abishek', 'Kumar', 'ter405@gmail.com', '7894561230', '123456', NULL, NULL, NULL, '2', '2023-05-11', 'Male', 'Software Engineering', 'image-1683780798183-391188758.png'),
(66, '', 'test', 'test1@gmail.com', '7894561230', '123456', NULL, NULL, NULL, '0', '2023-05-12', 'Male', 'Software Engineering', 'image-1683871106759-892821320.png'),
(73, 'tst', 'test', 'test442@gmail.com', '7894561230', 'tttttt', NULL, NULL, NULL, '0', '2023-05-15', 'Male', 'Software Engineering', 'image-1684132621591-292848897.png'),
(74, 'test', 'test', 'kabishek@tkeqmavens.com', '7894561230', 'tttttt', NULL, NULL, NULL, '0', '2023-05-15', 'Male', 'Software Engineering', 'image-1684140265101-918168486.png'),
(75, 'Test', 'test', 'test234@gmail.com', '7894561230', 'tttttt', NULL, NULL, NULL, '0', '1985-11-14', 'Male', 'Software Engineering', 'image-1684209316108-184299986.png'),
(76, 'Rohit', 'Sharma', 'rohit@gmail.com', '7894561230', '123456', NULL, NULL, NULL, '0', '1989-12-16', 'Male', 'Software Engineering', 'image-1684844048313-495219016.jpeg');

--
-- Indexes for dumped tables
--

--
-- Indexes for table `category`
--
ALTER TABLE `category`
  ADD PRIMARY KEY (`id`);

--
-- Indexes for table `messages`
--
ALTER TABLE `messages`
  ADD PRIMARY KEY (`id`);

--
-- Indexes for table `orders`
--
ALTER TABLE `orders`
  ADD PRIMARY KEY (`id`);

--
-- Indexes for table `products`
--
ALTER TABLE `products`
  ADD PRIMARY KEY (`id`);

--
-- Indexes for table `product_orders`
--
ALTER TABLE `product_orders`
  ADD PRIMARY KEY (`id`);

--
-- Indexes for table `users`
--
ALTER TABLE `users`
  ADD PRIMARY KEY (`id`),
  ADD UNIQUE KEY `email` (`email`);

--
-- AUTO_INCREMENT for dumped tables
--

--
-- AUTO_INCREMENT for table `category`
--
ALTER TABLE `category`
  MODIFY `id` int NOT NULL AUTO_INCREMENT, AUTO_INCREMENT=4;

--
-- AUTO_INCREMENT for table `messages`
--
ALTER TABLE `messages`
  MODIFY `id` int NOT NULL AUTO_INCREMENT, AUTO_INCREMENT=6;

--
-- AUTO_INCREMENT for table `orders`
--
ALTER TABLE `orders`
  MODIFY `id` int NOT NULL AUTO_INCREMENT, AUTO_INCREMENT=216;

--
-- AUTO_INCREMENT for table `products`
--
ALTER TABLE `products`
  MODIFY `id` int NOT NULL AUTO_INCREMENT, AUTO_INCREMENT=10;

--
-- AUTO_INCREMENT for table `product_orders`
--
ALTER TABLE `product_orders`
  MODIFY `id` int NOT NULL AUTO_INCREMENT, AUTO_INCREMENT=196;

--
-- AUTO_INCREMENT for table `users`
--
ALTER TABLE `users`
  MODIFY `id` int NOT NULL AUTO_INCREMENT, AUTO_INCREMENT=77;
COMMIT;

/*!40101 SET CHARACTER_SET_CLIENT=@OLD_CHARACTER_SET_CLIENT */;
/*!40101 SET CHARACTER_SET_RESULTS=@OLD_CHARACTER_SET_RESULTS */;
/*!40101 SET COLLATION_CONNECTION=@OLD_COLLATION_CONNECTION */;
